feature_id,assistant_mean,control_mean,difference,cohens_d,rank,analysis_type
18703,0.8321509957313538,0.0,0.8321509957313538,1.3190643787384033,1,assistant_only
45508,0.7315739989280701,0.0,0.7315739989280701,1.3378260135650635,2,assistant_only
30068,0.478012353181839,0.0,0.478012353181839,0.9468250870704651,3,assistant_only
70419,0.3200223445892334,0.0,0.3200223445892334,0.5894101858139038,4,assistant_only
20338,0.2552317678928375,0.0,0.2552317678928375,0.6050573587417603,5,assistant_only
81528,0.2348318099975586,0.0,0.2348318099975586,0.6029610633850098,6,assistant_only
130794,0.12189213186502457,0.0,0.12189213186502457,0.40824824571609497,7,assistant_only
49925,0.10960110276937485,0.0,0.10960110276937485,0.40824830532073975,8,assistant_only
