feature_id,assistant_mean,control_mean,difference,cohens_d,rank,analysis_type
32639,0.6410470008850098,0.0,0.6410470008850098,2.8907337188720703,1,high_effect
28547,0.36530694365501404,0.0,0.36530694365501404,2.7475745677948,2,high_effect
59035,0.24491862952709198,0.0,0.24491862952709198,1.8589377403259277,3,high_effect
126881,0.3722597360610962,0.0,0.3722597360610962,1.2304909229278564,4,high_effect
31308,0.35192546248435974,0.0,0.35192546248435974,1.1604973077774048,5,high_effect
47776,0.1548154205083847,0.0,0.1548154205083847,1.1366859674453735,6,high_effect
