{
  "default_vs_contrast": {
    "roles": {
      "n": 463,
      "pearson": {
        "r": 0.8700639443984495,
        "p": 1.0176692941320262e-143
      },
      "spearman": {
        "rho": 0.8636858133301865,
        "p": 2.9228072426362016e-139
      }
    },
    "traits": {
      "n": 240,
      "pearson": {
        "r": 0.4605285152980233,
        "p": 5.3015385696838295e-14
      },
      "spearman": {
        "rho": 0.4671921387524088,
        "p": 2.0478531168486055e-14
      }
    }
  },
  "vector_similarity_vs_behavioral_score": {
    "roles": {
      "default_similarity": {
        "n": 463,
        "pearson": {
          "r": 0.5971627666707047,
          "p": 4.430413956859764e-46
        },
        "spearman": {
          "rho": 0.6675620311605313,
          "p": 4.879797619067099e-61
        }
      },
      "contrast_similarity": {
        "n": 463,
        "pearson": {
          "r": 0.6938870545061191,
          "p": 9.57541008038119e-68
        },
        "spearman": {
          "rho": 0.7250004729682168,
          "p": 1.1339709683596358e-76
        }
      }
    },
    "traits": {
      "default_similarity": {
        "n": 240,
        "pearson": {
          "r": 0.7739767310165572,
          "p": 3.911037301946649e-49
        },
        "spearman": {
          "rho": 0.7751026626648563,
          "p": 2.324709875882078e-49
        }
      },
      "contrast_similarity": {
        "n": 240,
        "pearson": {
          "r": 0.5615203774711869,
          "p": 2.421788458300775e-21
        },
        "spearman": {
          "rho": 0.5834275573945544,
          "p": 2.7487097462133294e-23
        }
      }
    }
  }
}