{
  "default_vs_contrast": {
    "all": {
      "n": 703,
      "pearson": {
        "r": 0.33671999684857423,
        "p": 4.2549489418526824e-20
      },
      "spearman": {
        "rho": 0.5068015544989228,
        "p": 3.84656585337549e-47
      }
    },
    "roles": {
      "n": 463,
      "pearson": {
        "r": 0.8700639443984495,
        "p": 1.0176692941320262e-143
      },
      "spearman": {
        "rho": 0.8636858133301865,
        "p": 2.9228072426362016e-139
      }
    },
    "traits": {
      "n": 240,
      "pearson": {
        "r": 0.4605285152980233,
        "p": 5.3015385696838295e-14
      },
      "spearman": {
        "rho": 0.4671921387524088,
        "p": 2.0478531168486055e-14
      }
    }
  },
  "vector_similarity_vs_trait_score": {
    "default_similarity": {
      "n": 240,
      "pearson": {
        "r": 0.7739767310165572,
        "p": 3.911037301946649e-49
      },
      "spearman": {
        "rho": 0.7751026626648563,
        "p": 2.324709875882078e-49
      }
    },
    "contrast_similarity": {
      "n": 240,
      "pearson": {
        "r": 0.5615203774711869,
        "p": 2.421788458300775e-21
      },
      "spearman": {
        "rho": 0.5834275573945544,
        "p": 2.7487097462133294e-23
      }
    }
  }
}