feature_id,assistant_mean,control_mean,difference,cohens_d,rank,analysis_type
2226,0.2574252784252167,0.0,0.2574252784252167,1.6828594207763672,1,assistant_only
61114,0.17826451361179352,0.0,0.17826451361179352,1.0304725170135498,2,assistant_only
24772,0.17482320964336395,0.0,0.17482320964336395,1.5474563837051392,3,assistant_only
126716,0.14168153703212738,0.0,0.14168153703212738,1.3089001178741455,4,assistant_only
126494,0.13182580471038818,0.0,0.13182580471038818,1.3278900384902954,5,assistant_only
90719,0.11272753030061722,0.0,0.11272753030061722,1.0867849588394165,6,assistant_only
