feature_id,assistant_mean,control_mean,difference,cohens_d,rank,analysis_type
2226,0.2574252784252167,0.0,0.2574252784252167,1.6828594207763672,1,ratio_based
61114,0.17826451361179352,0.0,0.17826451361179352,1.0304725170135498,2,ratio_based
24772,0.17482320964336395,0.0,0.17482320964336395,1.5474563837051392,3,ratio_based
126716,0.14168153703212738,0.0,0.14168153703212738,1.3089001178741455,4,ratio_based
126494,0.13182580471038818,0.0,0.13182580471038818,1.3278900384902954,5,ratio_based
90719,0.11272753030061722,0.0,0.11272753030061722,1.0867849588394165,6,ratio_based
82975,0.4312244951725006,0.027308091521263123,0.4039164036512375,1.8990989923477173,7,ratio_based
