feature_id,assistant_mean,control_mean,difference,cohens_d,rank,analysis_type
82975,0.3476724624633789,0.0,0.3476724624633789,1.8736215829849243,1,assistant_only
42890,0.2937915027141571,0.0,0.2937915027141571,2.292006015777588,2,assistant_only
33583,0.22268207371234894,0.0,0.22268207371234894,1.130717158317566,3,assistant_only
46828,0.1107451319694519,0.0,0.1107451319694519,1.109179139137268,4,assistant_only
