feature_id,assistant_mean,control_mean,difference,cohens_d,rank,analysis_type
42890,0.2937915027141571,0.0,0.2937915027141571,2.292006015777588,1,high_effect
82975,0.3476724624633789,0.0,0.3476724624633789,1.8736215829849243,2,high_effect
33583,0.22268207371234894,0.0,0.22268207371234894,1.130717158317566,3,high_effect
46828,0.1107451319694519,0.0,0.1107451319694519,1.109179139137268,4,high_effect
