{
  "model_name": "gemma-2-27b",
  "layer": 22,
  "hidden_dim": 4608,
  "n_roles": 275,
  "n_role_samples": 448,
  "timestamp": "2025-10-22T04:40:08.135757",
  "analysis_version": "1.0",
  "across_within_role_var": {
    "raw_activations": {
      "across_var_mean": 167.9014129638672,
      "within_var_mean": 390.0,
      "ratio": 0.4312536120414734
    },
    "raw_activations_normalized": {
      "across_var_mean": 5.128991347191914e-07,
      "within_var_mean": 1.4156103134155273e-06,
      "ratio": 0.3623166084289551
    },
    "pca_space_all_components": {
      "across_var_mean": 8.602466953322374,
      "within_var_mean": 27.385955712405416,
      "ratio": 0.31411965474791115,
      "n_components": 448
    },
    "pc1_only": {
      "across_var": 829.9696483722173,
      "within_var_mean": 291.39803214992793,
      "ratio": 2.848233539014387
    }
  },
  "conditional_var_roles": {
    "threshold_analysis": {
      "pc1_threshold": 25,
      "assistant_like": {
        "mask": "pc1 < 25",
        "n_samples": 128,
        "variance_raw": 54.75,
        "variance_raw_pc1_removed": 54.452919006347656
      },
      "roleplay": {
        "mask": "pc1 >= 25",
        "n_samples": 320,
        "variance_raw": 151.0,
        "variance_raw_pc1_removed": 138.99246215820312
      },
      "variance_ratio_raw": 0.36258278145695366,
      "variance_ratio_raw_pc1_removed": 0.39176886401486
    },
    "quintile_analysis": {
      "n_quintiles": 5,
      "quintiles": [
        {
          "quintile": 1,
          "pc1_range": [
            -86.47044637828765,
            -33.35927317214874
          ],
          "n_samples": 90,
          "variance_full": 136.0,
          "variance_pc1_removed": 134.24488830566406
        },
        {
          "quintile": 2,
          "pc1_range": [
            -33.35927317214874,
            -1.0611511355891303
          ],
          "n_samples": 89,
          "variance_full": 98.0,
          "variance_pc1_removed": 96.71923065185547
        },
        {
          "quintile": 3,
          "pc1_range": [
            -1.0611511355891303,
            18.71794670530451
          ],
          "n_samples": 90,
          "variance_full": 69.0,
          "variance_pc1_removed": 68.68109893798828
        },
        {
          "quintile": 4,
          "pc1_range": [
            18.71794670530451,
            28.165481322492198
          ],
          "n_samples": 89,
          "variance_full": 53.75,
          "variance_pc1_removed": 53.688720703125
        },
        {
          "quintile": 5,
          "pc1_range": [
            28.165481322492198,
            38.88484534561481
          ],
          "n_samples": 90,
          "variance_full": 53.25,
          "variance_pc1_removed": 53.227359771728516
        }
      ],
      "variance_ratio_first_to_last_full": 2.5539906103286385,
      "variance_ratio_first_to_last_pc1_removed": 2.5221030853566337
    },
    "distance_correlation": {
      "full_space": {
        "correlation": -0.5635088687528921,
        "p_value": 6.652221222598916e-39,
        "significant": true
      },
      "pc1_removed": {
        "correlation": -0.5440760727438109,
        "p_value": 7.001873057668261e-36,
        "significant": true
      }
    }
  },
  "high_var_pc_correlation": {
    "pc_distance_correlations": {
      "description": "Correlation between each PC and distance in remaining PC space",
      "n_pcs_analyzed": 10,
      "correlations": [
        {
          "pc": 1,
          "r": -0.6576198771471349,
          "p_value": 7.912966594613173e-57,
          "significant": true
        },
        {
          "pc": 2,
          "r": 0.2100460722304591,
          "p_value": 7.3418084537868875e-06,
          "significant": true
        },
        {
          "pc": 3,
          "r": 0.31469656737976526,
          "p_value": 9.347721346175892e-12,
          "significant": true
        },
        {
          "pc": 4,
          "r": 0.054272309927943234,
          "p_value": 0.2516445576321128,
          "significant": false
        },
        {
          "pc": 5,
          "r": -0.22521215840518286,
          "p_value": 1.4681173676716048e-06,
          "significant": true
        },
        {
          "pc": 6,
          "r": -0.23850018226660508,
          "p_value": 3.257790605162949e-07,
          "significant": true
        },
        {
          "pc": 7,
          "r": 0.08815026127599213,
          "p_value": 0.062292621991459456,
          "significant": false
        },
        {
          "pc": 8,
          "r": 0.02831712514098481,
          "p_value": 0.549969398101438,
          "significant": false
        },
        {
          "pc": 9,
          "r": -0.05315323081804314,
          "p_value": 0.26156810835453204,
          "significant": false
        },
        {
          "pc": 10,
          "r": 0.057961461905065736,
          "p_value": 0.22079569583064293,
          "significant": false
        }
      ],
      "pc1_correlation": -0.6576198771471349,
      "mean_correlation_pc2_to_10": 0.0262864695967088
    },
    "conditional_variance_by_pc": {
      "description": "Variance in PC2-10 conditioned on high/low position along each PC",
      "n_pcs_analyzed": 10,
      "variance_ratios": [
        {
          "pc": 1,
          "ratio": 3.0426930533602325
        },
        {
          "pc": 2,
          "ratio": 1.7618248684057731
        },
        {
          "pc": 3,
          "ratio": 1.279767823959753
        },
        {
          "pc": 4,
          "ratio": 1.1976436612402692
        },
        {
          "pc": 5,
          "ratio": 1.5729731330864902
        },
        {
          "pc": 6,
          "ratio": 1.0710389185656337
        },
        {
          "pc": 7,
          "ratio": 1.2928907601323172
        },
        {
          "pc": 8,
          "ratio": 1.1136464724011375
        },
        {
          "pc": 9,
          "ratio": 1.2563080242583924
        },
        {
          "pc": 10,
          "ratio": 1.0668017775083063
        }
      ],
      "pc1_variance_ratio": 3.0426930533602325,
      "mean_variance_ratio_pc2_to_10": 1.2903217155064526,
      "max_variance_ratio_excluding_pc1": 1.7618248684057731,
      "max_variance_ratio_pc": 2
    }
  },
  "default_pc_loading": {
    "description": "Position of default assistant activation relative to role distribution on each PC",
    "n_pcs_analyzed": 10,
    "pc_positions": [
      {
        "pc": 1,
        "assistant_loading": 34.717654104595454,
        "role_range_min": -86.47044637828765,
        "role_range_max": 38.88484534561481,
        "relative_position": 0.9667569578937466,
        "min_boundary_distance": 0.033243042106253395,
        "position_category": "near maximum"
      },
      {
        "pc": 2,
        "assistant_loading": -3.729031753749233,
        "role_range_min": -57.07221967105316,
        "role_range_max": 89.6587428478554,
        "relative_position": 0.363544183187852,
        "min_boundary_distance": 0.363544183187852,
        "position_category": "below center"
      },
      {
        "pc": 3,
        "assistant_loading": 1.9400132373465837,
        "role_range_min": -34.642535347646465,
        "role_range_max": 109.25731088558585,
        "relative_position": 0.25422229100717864,
        "min_boundary_distance": 0.25422229100717864,
        "position_category": "below center"
      },
      {
        "pc": 4,
        "assistant_loading": -0.13795831768572492,
        "role_range_min": -45.78617921355119,
        "role_range_max": 65.84618524433027,
        "relative_position": 0.40891565020185877,
        "min_boundary_distance": 0.40891565020185877,
        "position_category": "below center"
      },
      {
        "pc": 5,
        "assistant_loading": -9.767112396722595,
        "role_range_min": -38.57108811995446,
        "role_range_max": 60.55046579427954,
        "relative_position": 0.29059245528126826,
        "min_boundary_distance": 0.29059245528126826,