{
  "default_vs_contrast": {
    "roles": {
      "n": 448,
      "pearson": {
        "r": 0.7572173189405327,
        "p": 1.5729648590530348e-84
      },
      "spearman": {
        "rho": 0.7134642521802121,
        "p": 6.72570292293345e-71
      }
    },
    "traits": {
      "n": 239,
      "pearson": {
        "r": 0.9598257990358783,
        "p": 8.45822609224649e-133
      },
      "spearman": {
        "rho": 0.9539599521817095,
        "p": 6.158741365138111e-126
      }
    }
  },
  "vector_similarity_vs_behavioral_score": {
    "roles": {
      "default_similarity": {
        "n": 448,
        "pearson": {
          "r": 0.5467316290952041,
          "p": 2.778467167504505e-36
        },
        "spearman": {
          "rho": 0.600594985631411,
          "p": 2.929025832329027e-45
        }
      },
      "contrast_similarity": {
        "n": 448,
        "pearson": {
          "r": 0.6914358978086623,
          "p": 5.77079483410797e-65
        },
        "spearman": {
          "rho": 0.6717764142560562,
          "p": 4.1998427080482797e-60
        }
      }
    },
    "traits": {
      "default_similarity": {
        "n": 239,
        "pearson": {
          "r": 0.7702232975497502,
          "p": 3.4067340284185165e-48
        },
        "spearman": {
          "rho": 0.7635749342457765,
          "p": 6.461409801078911e-47
        }
      },
      "contrast_similarity": {
        "n": 239,
        "pearson": {
          "r": 0.7241262682333794,
          "p": 4.07634981680906e-40
        },
        "spearman": {
          "rho": 0.7183876460322752,
          "p": 3.174266251021417e-39
        }
      }
    }
  }
}