{
  "default_vs_contrast": {
    "all": {
      "n": 687,
      "pearson": {
        "r": 0.959875714410605,
        "p": 0.0
      },
      "spearman": {
        "rho": 0.8854459729015376,
        "p": 3.775509451291445e-230
      }
    },
    "roles": {
      "n": 448,
      "pearson": {
        "r": 0.7572173189405327,
        "p": 1.5729648590530348e-84
      },
      "spearman": {
        "rho": 0.7134642521802121,
        "p": 6.72570292293345e-71
      }
    },
    "traits": {
      "n": 239,
      "pearson": {
        "r": 0.9598257990358783,
        "p": 8.45822609224649e-133
      },
      "spearman": {
        "rho": 0.9539599521817095,
        "p": 6.158741365138111e-126
      }
    }
  },
  "vector_similarity_vs_trait_score": {
    "default_similarity": {
      "n": 239,
      "pearson": {
        "r": 0.7702232975497502,
        "p": 3.4067340284185165e-48
      },
      "spearman": {
        "rho": 0.7635749342457765,
        "p": 6.461409801078911e-47
      }
    },
    "contrast_similarity": {
      "n": 239,
      "pearson": {
        "r": 0.7241262682333794,
        "p": 4.07634981680906e-40
      },
      "spearman": {
        "rho": 0.7183876460322752,
        "p": 3.174266251021417e-39
      }
    }
  }
}