feature_id,assistant_mean,control_mean,difference,cohens_d,rank,analysis_type
29717,1.6737489700317383,0.0,1.6737489700317383,2.8947062492370605,1,high_effect
36388,0.744598925113678,0.0,0.744598925113678,1.1425498723983765,2,high_effect
48843,0.9440658688545227,0.0,0.9440658688545227,1.1035434007644653,3,high_effect
