feature_id,assistant_mean,control_mean,difference,cohens_d,rank,analysis_type
32639,1.0864800214767456,0.0,1.0864800214767456,3.063091278076172,1,assistant_only
107835,0.5617932081222534,0.0,0.5617932081222534,3.7179393768310547,2,assistant_only
110805,0.4428354799747467,0.0,0.4428354799747467,7.819002151489258,3,assistant_only
122555,0.3307967483997345,0.0,0.3307967483997345,1.1974823474884033,4,assistant_only
56524,0.3271294832229614,0.0,0.3271294832229614,1.1410000324249268,5,assistant_only
73746,0.272587388753891,0.0,0.272587388753891,1.0707751512527466,6,assistant_only
57701,0.19590134918689728,0.0,0.19590134918689728,0.8448638319969177,7,assistant_only
