feature_id,assistant_mean,control_mean,difference,cohens_d,rank,analysis_type
110805,0.4428354799747467,0.0,0.4428354799747467,7.819002151489258,1,high_effect
115666,0.5756036639213562,0.024486372247338295,0.5511172916740179,4.196021556854248,2,high_effect
107835,0.5617932081222534,0.0,0.5617932081222534,3.7179393768310547,3,high_effect
32639,1.0864800214767456,0.0,1.0864800214767456,3.063091278076172,4,high_effect
122555,0.3307967483997345,0.0,0.3307967483997345,1.1974823474884033,5,high_effect
50613,0.2736548185348511,0.03876643255352974,0.23488838598132133,1.1467403173446655,6,high_effect
56524,0.3271294832229614,0.0,0.3271294832229614,1.1410000324249268,7,high_effect
73746,0.272587388753891,0.0,0.272587388753891,1.0707751512527466,8,high_effect
