feature_id,assistant_mean,control_mean,difference,cohens_d,rank,analysis_type
18703,0.8321509957313538,0.0,0.8321509957313538,1.3190643787384033,1,ratio_based
45508,0.7315739989280701,0.0,0.7315739989280701,1.3378260135650635,2,ratio_based
30068,0.478012353181839,0.0,0.478012353181839,0.9468250870704651,3,ratio_based
70419,0.3200223445892334,0.0,0.3200223445892334,0.5894101858139038,4,ratio_based
20338,0.2552317678928375,0.0,0.2552317678928375,0.6050573587417603,5,ratio_based
81528,0.2348318099975586,0.0,0.2348318099975586,0.6029610633850098,6,ratio_based
130794,0.12189213186502457,0.0,0.12189213186502457,0.40824824571609497,7,ratio_based
49925,0.10960110276937485,0.0,0.10960110276937485,0.40824830532073975,8,ratio_based
93493,2.7527916431427,0.11174020171165466,2.6410514414310455,5.687572956085205,9,ratio_based
