feature_id,assistant_mean,control_mean,difference,cohens_d,rank,analysis_type
29717,1.6737489700317383,0.0,1.6737489700317383,2.8947062492370605,1,assistant_only
48843,0.9440658688545227,0.0,0.9440658688545227,1.1035434007644653,2,assistant_only
36388,0.744598925113678,0.0,0.744598925113678,1.1425498723983765,3,assistant_only
62383,0.6014654636383057,0.0,0.6014654636383057,0.9494545459747314,4,assistant_only
48033,0.30705952644348145,0.0,0.30705952644348145,0.6050050258636475,5,assistant_only
21187,0.30321839451789856,0.0,0.30321839451789856,0.6055050492286682,6,assistant_only
125027,0.13749343156814575,0.0,0.13749343156814575,0.40824830532073975,7,assistant_only
