{
  "default_vs_contrast": {
    "roles": {
      "n": 377,
      "pearson": {
        "r": 0.7614903451965747,
        "p": 1.3093571153470883e-72
      },
      "spearman": {
        "rho": 0.9001538121127264,
        "p": 2.0304621232565326e-137
      }
    },
    "traits": {
      "n": 240,
      "pearson": {
        "r": 0.6225023085501169,
        "p": 3.811488903125018e-27
      },
      "spearman": {
        "rho": 0.6091841872254725,
        "p": 9.040661279025122e-26
      }
    }
  },
  "vector_similarity_vs_behavioral_score": {
    "roles": {
      "default_similarity": {
        "n": 377,
        "pearson": {
          "r": 0.6207952034686717,
          "p": 1.5231290685923215e-41
        },
        "spearman": {
          "rho": 0.7101577407387348,
          "p": 4.090317191749655e-59
        }
      },
      "contrast_similarity": {
        "n": 377,
        "pearson": {
          "r": 0.6733772882254704,
          "p": 3.913322968284048e-51
        },
        "spearman": {
          "rho": 0.6878701718964016,
          "p": 3.8885570867444145e-54
        }
      }
    },
    "traits": {
      "default_similarity": {
        "n": 240,
        "pearson": {
          "r": 0.8350991031207238,
          "p": 1.0368071966385162e-63
        },
        "spearman": {
          "rho": 0.8328094402531581,
          "p": 4.6239443584117375e-63
        }
      },
      "contrast_similarity": {
        "n": 240,
        "pearson": {
          "r": 0.7013923611677763,
          "p": 7.381196069529767e-37
        },
        "spearman": {
          "rho": 0.7073753333669763,
          "p": 9.997908273376479e-38
        }
      }
    }
  }
}