feature_id,assistant_mean,control_mean,difference,cohens_d,rank,analysis_type
45508,0.7315739989280701,0.0,0.7315739989280701,1.3378260135650635,1,high_effect
18703,0.8321509957313538,0.0,0.8321509957313538,1.3190643787384033,2,high_effect
