feature_id,assistant_mean,control_mean,difference,cohens_d,rank,analysis_type
29717,2.7853753566741943,0.0,2.7853753566741943,3.7631020545959473,1,high_effect
28754,2.248419761657715,0.0,2.248419761657715,2.6885833740234375,2,high_effect
61741,1.2457003593444824,0.0,1.2457003593444824,1.4974734783172607,3,high_effect
48843,1.57878839969635,0.0,1.57878839969635,1.4139204025268555,4,high_effect
43828,0.9574384689331055,0.0,0.9574384689331055,1.3266085386276245,5,high_effect
